{
  "topology": "semicircle",
  "theta_range": [
    0.0,
    3.141592653589793
  ],
  "center_pre": [
    0.005854273214936256,
    5.038283824920654
  ],
  "scale_pre": 4.5048298835764395,
  "radius_pre": 8.0,
  "n_components": 200,
  "noise": 1.0,
  "geom_center_pre": [
    0.0,
    0.0
  ],
  "center_post": [
    -0.001299554781475672,
    -1.118418221138397
  ],
  "radius_post": 1.7758717214086455
}