{
  "topology": "s-curve",
  "center_pre": [
    0.013181313872337341,
    0.001435103826224804
  ],
  "scale_pre": 1.1018446683893668,
  "noise": 0.05,
  "t_range": [
    -4.711706158628563,
    4.712181180813571
  ]
}