{
  "topology": "full_circle",
  "center_pre": [
    0.002811562269926071,
    -0.0031440218444913626
  ],
  "scale_pre": 0.7077991962442861,
  "radius_pre": 1.0,
  "noise": 0.03,
  "geom_center_pre": [
    0.0,
    0.0
  ],
  "center_post": [
    -0.0039722597663924206,
    0.004441968656045565
  ],
  "radius_post": 1.4128300869882102,
  "n_components": 10000
}