{
  "topology": "spiral",
  "center_pre": [
    1.980704665184021,
    0.2272280752658844
  ],
  "scale_pre": 6.77400016784768,
  "noise": 0.2,
  "t_range": [
    4.713071802140816,
    14.13695914158295
  ]
}